date,symbol,open,high,low,close,volume
2026-06-22,9984.T,7300.0,7394.0,7104.0,7244.0,44993100
2026-06-23,9984.T,6944.0,6977.0,6500.0,6513.0,52827500
2026-06-24,9984.T,6521.0,6723.0,6356.0,6597.0,45870800
2026-06-25,9984.T,6797.0,7188.0,6401.0,7118.0,83407000
2024-06-26,9984.T,2521.540051154656,2524.020661141035,2476.641010401189,2504.17578125,28226400
2024-06-27,9984.T,2495.4935702007274,2521.539974263459,2484.3308256024143,2514.09814453125,20040400
2024-06-28,9984.T,2550.0670500857195,2602.15985947463,2537.664000231217,2577.353759765625,36589200
2024-07-01,9984.T,2594.717871047269,2636.8882379763354,2584.795431769842,2605.880615234375,28057600
2024-07-02,9984.T,2587.2761380887146,2622.004676855006,2559.989429058057,2617.04345703125,25005200
2024-07-03,9984.T,2630.6865788566233,2661.6942000124063,2600.919262547072,2655.49267578125,29328000
2024-07-04,9984.T,2707.585479545423,2775.80224609375,2629.44627422643,2775.80224609375,48676800
2024-07-05,9984.T,2768.360654753619,2806.810108291864,2748.5157755080736,2784.484619140625,41956000
2024-07-08,9984.T,2826.655085836984,2879.988200664097,2794.4071559415206,2795.6474609375,49130800
2024-07-09,9984.T,2831.6159227766343,2929.6000042042974,2809.2904358690657,2909.755126953125,53700800
2024-07-10,9984.T,2892.390983829942,2946.964398619186,2877.507325251057,2933.321044921875,42541200
2024-07-11,9984.T,2989.1346443739512,3021.3825699979025,2929.6000124528105,2956.88671875,42384400
2024-07-12,9984.T,2923.3988170481502,2937.0421717310223,2824.1744193545346,2826.655029296875,54096000
2024-07-16,9984.T,2861.383633816842,2888.6703438055592,2830.3760088296635,2834.096923828125,24244800
2024-07-17,9984.T,2853.941711829275,2872.5462862219038,2791.9264638538452,2814.251953125,25634800
2024-07-18,9984.T,2641.849365234375,2691.461559886664,2635.647840902839,2641.849365234375,37077600
2024-07-19,9984.T,2636.888413564462,2654.252683456232,2593.477738835038,2607.12109375,25220000
2024-07-22,9984.T,2614.562820405506,2635.648004441034,2589.7567215401787,2604.640380859375,17792000
2024-07-23,9984.T,2630.6867689893425,2635.6479887328396,2546.3460333498915,2574.873046875,19708800
2024-07-24,9984.T,2573.6326441882484,2603.3999615186185,2545.1056317466437,2563.710205078125,18047200
2024-07-25,9984.T,2430.997590137814,2438.9355414525494,2322.594942495954,2323.091064453125,66116800
2024-07-26,9984.T,2307.4632311551327,2338.7189145700486,2264.0525597455276,2275.71142578125,53414000
2024-07-29,9984.T,2309.4479432238654,2367.494218058923,2295.8045880275913,2327.556396484375,42634000
2024-07-30,9984.T,2282.160999606686,2310.6880121017693,2265.5409140660718,2305.974853515625,30757600
2024-07-31,9984.T,2230.316432630618,2281.416998209742,2203.773905849228,2272.73486328125,61708000
2024-08-01,9984.T,2182.9368105274693,2184.177115533451,2109.75881517456,2122.161865234375,63512800
2024-08-02,9984.T,1983.7436405680296,2008.7977993397403,1928.9221644437912,1951.7437744140625,70926800
2024-08-05,9984.T,1797.201868057251,1835.6513214111328,1579.6523803710936,1587.59033203125,95137200
2024-08-06,9984.T,1736.4270135269974,1802.6593010429556,1688.055118150174,1779.093505859375,85412000
2024-08-07,9984.T,1714.5976396805409,1927.1859176328303,1709.1402976560948,1871.3721923828125,79232800
2024-08-08,9984.T,1896.6743832538764,1907.5890671229806,1765.6981768246262,1794.7213134765625,102301200
2024-08-09,9984.T,1872.8604257892293,1970.3483923236886,1859.9612546447208,1882.2867431640625,102129600
2024-08-13,9984.T,1912.5501213451423,1972.0847554726176,1900.395133544116,1954.224365234375,75889200
2024-08-14,9984.T,1991.433547078745,2032.85973073123,1965.8832661433798,1987.960693359375,70188400
2024-08-15,9984.T,1997.8831337863191,2058.4100129325648,1993.418036144383,2030.875244140625,63995200
2024-08-16,9984.T,2120.9213318232246,2152.6731365569526,2064.6114906157545,2096.115234375,67458400
2024-08-19,9984.T,2070.8132875047204,2149.6966877714312,2047.9916748489427,2052.704833984375,73926000
2024-08-20,9984.T,2108.5181603064902,2133.07619535006,2079.2469670222354,2115.4638671875,62195600
2024-08-21,9984.T,2091.153879182422,2129.10720581527,2081.479501805421,2115.7119140625,54622400
2024-08-22,9984.T,2095.6192918646084,2120.1773304411468,2063.371362420669,2088.673583984375,54116800
2024-08-23,9984.T,2089.9141017687834,2113.7279597830034,2059.154535167083,2102.069091796875,47720000
2024-08-26,9984.T,2108.5184135392187,2114.719938284922,2081.479765647951,2110.9990234375,37248800
2024-08-27,9984.T,2089.9138893348077,2145.2314913907912,2085.696852406773,2118.68896484375,55722000
2024-08-28,9984.T,2117.9446160921584,2127.370933193529,2060.1464086021756,2070.06884765625,50198400
2024-08-29,9984.T,2036.8288126402797,2045.7590083844095,2017.480055194665,2020.456787109375,65524800
2024-08-30,9984.T,2051.7124638073506,2088.4254906050155,2049.2318538885893,2084.95263671875,47589600
2024-09-02,9984.T,2118.4407736318685,2134.3166763850813,2081.2316265540253,2103.80517578125,37861200
2024-09-03,9984.T,2112.239439738231,2122.161879854441,2091.8984375,2091.8984375,27645600
2024-09-04,9984.T,1975.3095737168512,1988.952927547622,1912.5501460953062,1930.1624755859375,61224800
2024-09-05,9984.T,1914.2867518455862,1961.9144642149463,1908.3332877994162,1946.28662109375,50670400
2024-09-06,9984.T,1959.4337254015966,1967.6197379270116,1891.961137313328,1912.0540771484375,40740400
2024-09-09,9984.T,1838.1318857368553,1909.3253879239642,1834.9070929548607,1908.0850830078125,44627200
2024-09-10,9984.T,1945.5423583984375,1954.472554101911,1913.7905514527533,1945.5423583984375,42270000
2024-09-11,9984.T,1944.798225865983,1972.5810576640686,1926.689772997588,1953.2322998046875,45834800
2024-09-12,9984.T,2058.409993049173,2120.177176499311,2052.208468606388,2108.518310546875,67328400
2024-09-13,9984.T,2117.2004698077785,2119.4330186335865,2071.55724936904,2090.906005859375,45660000
2024-09-17,9984.T,2068.580662098734,2076.5186140338774,1997.6352166783915,2026.1622314453125,44710000
2024-09-18,9984.T,2046.7512648486115,2056.921765619281,2018.4723114862625,2033.10791015625,32736400
2024-09-19,9984.T,2070.3170381980594,2099.340174247565,2052.952768766731,2084.95263671875,40776000
2024-09-20,9984.T,2124.890178972213,2136.052922149163,2108.7662166055084,2124.14599609375,45792800
2024-09-24,9984.T,2168.052904226638,2190.6264527717894,2147.463843465676,2152.177001953125,37586800
2024-09-25,9984.T,2152.673058890537,2163.0916194428996,2118.936767578125,2118.936767578125,23709600
2024-09-26,9984.T,2156.146103282796,2210.2233985561106,2149.448456620505,2205.75830078125,45637600
2024-09-27,9984.T,2223.165668624732,2261.213134765625,2195.562604953888,2261.213134765625,49036800
2024-09-30,9984.T,2146.324930834066,2166.7163853965026,2086.642624797665,2095.594970703125,55964800
2024-10-01,9984.T,2133.642104016392,2166.218690919206,2129.9119604779016,2159.007080078125,43942800
2024-10-02,9984.T,2110.0178712896154,2140.605048445611,2100.816850519113,2107.77978515625,36935200
2024-10-03,9984.T,2175.419996017245,2195.314097489739,2149.8063403714086,2158.510009765625,40354000
2024-10-04,9984.T,2174.424987087154,2177.1604256573687,2127.9225313935012,2128.917236328125,27665200
2024-10-07,9984.T,2203.520273415166,2218.689524817753,2174.4251518724986,2174.673828125,36621200
2024-10-08,9984.T,2146.8220339460454,2152.790263856239,2113.7480931937203,2133.890869140625,29956800
2024-10-09,9984.T,2162.7372016239956,2172.186898492078,2149.0600087886132,2162.488525390625,25658000
2024-10-10,9984.T,2193.821883522374,2248.281982421875,2188.8483585087206,2248.281982421875,42372400
2024-10-11,9984.T,2275.3875139384286,2275.3875139384286,2220.6787431114935,2226.64697265625,37360400
2024-10-15,9984.T,2301.2500407846323,2379.831736579742,2301.0013645321164,2354.964111328125,61820800
2024-10-16,9984.T,2243.0598707767485,2279.6152810876333,2234.853554176346,2261.4619140625,44413600
2024-10-17,9984.T,2272.4033252473137,2297.5196237644923,2244.551588277769,2288.318603515625,37285200
2024-10-18,9984.T,2282.3506768480775,2286.080820686901,2245.546590971687,2257.234375,28635600
2024-10-21,9984.T,2267.4299745890635,2284.33995904531,2253.5041050368604,2271.657470703125,20596400
2024-10-22,9984.T,2250.5199715915,2265.9378984687014,2209.9857444788577,2241.567626953125,34735200
2024-10-23,9984.T,2239.578218148536,2254.747468793335,2221.6735288628715,2230.377197265625,28910800
2024-10-24,9984.T,2155.7743937637288,2205.260967112325,2139.8591138928236,2186.361572265625,38753200
2024-10-25,9984.T,2168.4568080612216,2183.8747349075284,2153.7849099332843,2176.165771484375,22293600
2024-10-28,9984.T,2189.5942664106724,2250.2712682282995,2186.1127990932678,2240.32421875,31585200
2024-10-29,9984.T,2259.472533284435,2306.2236708870623,2251.017540313747,2305.726318359375,34050800
2024-10-30,9984.T,2362.424352990248,2387.291977758566,2350.9852455968216,2373.117431640625,44125200
2024-10-31,9984.T,2359.191563226921,2374.858166840634,2339.297463399984,2361.927001953125,31394000
2024-11-01,9984.T,2258.726261273392,2259.7209662216574,2221.1761494763778,2229.1337890625,39120000
2024-11-05,9984.T,2215.7053699148014,2242.0650522055944,2215.2080174187486,2224.65771484375,22569600
2024-11-06,9984.T,2237.5888186449197,2343.0275449291435,2234.604703750083,2338.800048828125,44742400
2024-11-07,9984.T,2344.2708644399518,2350.7364465419396,2265.9378505120226,2293.292236328125,39986800
2024-11-08,9984.T,2367.8952637761195,2389.7787738803304,2329.59912109375,2329.59912109375,42588800
2024-11-11,9984.T,2350.4879749257598,2389.778823427481,2338.302838365099,2365.6572265625,32652800
2024-11-12,9984.T,2343.2763895024045,2393.2603175815707,2315.9220010013682,2339.794921875,41064800
2024-11-13,9984.T,2414.397333777028,2447.4712698561652,2263.6995498374995,2272.154541015625,113198400
2024-11-14,9984.T,2281.1071028329256,2295.2816482228177,2199.0439453125,2199.0439453125,43010800
2024-11-15,9984.T,2212.472584951084,2236.8428573266274,2198.2980387734724,2218.192138671875,31332000
2024-11-18,9984.T,2193.075712357284,2200.0386469242417,2148.06531390659,2171.938232421875,34778800
2024-11-19,9984.T,2189.8430378505414,2198.5467065224434,2156.520420649545,2159.255859375,23098000
2024-11-20,9984.T,2169.4514334663427,2191.5836179664007,2144.58381043257,2150.0546875,23767600
2024-11-21,9984.T,2150.0548041735196,2154.0336240748356,2094.8486780427634,2126.181884765625,28892400
2024-11-22,9984.T,2143.5892698233315,2150.5522048065163,2129.1660473581633,2135.13427734375,22277600
2024-11-25,9984.T,2165.970266401056,2229.880066454451,2164.4782088122606,2206.753173828125,66858800
2024-11-26,9984.T,2188.848079272494,2202.7739475341687,2159.7529616543525,2199.29248046875,30851600
2024-11-27,9984.T,2185.864165930158,2253.006751231767,2177.65784994885,2233.361328125,34674400
2024-11-28,9984.T,2202.7739786675925,2254.747309164491,2190.091491321459,2250.0224609375,28481200
2024-11-29,9984.T,2240.572940344883,2259.223658494258,2215.9539923877082,2222.1708984375,27926800
2024-12-02,9984.T,2222.1707359329384,2233.858518451834,2182.6312163477396,2214.71044921875,27427200
2024-12-03,9984.T,2250.5200702271177,2301.001349150444,2238.8322864369875,2275.3876953125,47520400
2024-12-04,9984.T,2270.413999727188,2273.6467907454194,2219.1866958998276,2236.0966796875,28973600
2024-12-05,9984.T,2274.3927958546337,2305.228648324126,2260.2182507678513,2261.958984375,32386400
2024-12-06,9984.T,2262.9535863043857,2272.900635035394,2231.620382801709,2250.519775390625,23120400
2024-12-09,9984.T,2291.054485812864,2317.165494280285,2285.086255306025,2295.281982421875,30172400
2024-12-10,9984.T,2303.9852755467655,2313.932324766611,2284.091177107074,2304.97998046875,24532400
2024-12-11,9984.T,2289.810715618864,2294.784240196663,2265.9377976454266,2279.614990234375,20385600
2024-12-12,9984.T,2328.1070318352686,2348.49848415427,2319.9007156581097,2323.630859375,35905200
2024-12-13,9984.T,2312.689023831098,2353.720603286166,2299.509183157652,2319.900634765625,37650400
2024-12-16,9984.T,2345.0168947074685,2353.4718866926282,2322.1386811005664,2342.77880859375,21512400
2024-12-17,9984.T,2382.3182374660087,2446.22802734375,2382.3182374660087,2446.22802734375,66882800
2024-12-18,9984.T,2413.651658065243,2413.651658065243,2342.7789275327273,2346.01171875,38336400
2024-12-19,9984.T,2259.969826869806,2269.1708483920534,2233.112791075139,2244.30322265625,41634800
2024-12-20,9984.T,2255.4934410896476,2256.239469791221,2178.40380859375,2178.40380859375,45904400
2024-12-23,9984.T,2209.2397338539336,2232.1179481171666,2184.3721096547674,2222.1708984375,26542800
2024-12-24,9984.T,2210.2342889729252,2215.9538421509606,2184.6206377843328,2190.5888671875,20514000
2024-12-25,9984.T,2216.7001841467813,2224.160471955218,2201.0335797490648,2218.44091796875,19863600
2024-12-26,9984.T,2218.4407609082537,2266.4352757446277,2218.192084665578,2265.19189453125,24897200
2024-12-27,9984.T,2279.8636007908744,2304.7312229635495,2276.6308099084263,2301.249755859375,32811200
2024-12-30,9984.T,2302.7420269546137,2306.223494381975,2279.3664599423314,2284.09130859375,22976000
2025-01-06,9984.T,2312.4403225553997,2344.7682332911995,2290.8054899860567,2296.2763671875,35037200
2025-01-07,9984.T,2365.1596491585574,2394.2547683838284,2322.8846896004716,2323.87939453125,46282000
2025-01-08,9984.T,2300.2551466229756,2339.048638825482,2286.5779538592715,2330.344970703125,24600400
2025-01-09,9984.T,2335.069885352044,2335.815914069409,2298.763154440287,2319.900634765625,22023200
2025-01-10,9984.T,2322.6363381957017,2335.816180371759,2295.033272506224,2300.504150390625,26358000
2025-01-14,9984.T,2270.6627582030383,2276.3823117501493,2215.456632661359,2239.826904296875,30145600
2025-01-15,9984.T,2257.9801387085463,2265.6891017371768,2229.6310488613244,2238.334716796875,21485600
2025-01-16,9984.T,2277.8742021520457,2318.9057789375356,2272.4033252473137,2288.318603515625,29912800
2025-01-17,9984.T,2262.953749333184,2273.8955037255646,2235.5993633522335,2257.980224609375,19076000
2025-01-20,9984.T,2299.7579852497033,2308.212977842533,2283.3453525695045,2305.4775390625,16455600
2025-01-21,9984.T,2324.1280834369595,2324.8741121391113,2273.398131690636,2299.7578125,18122400
2025-01-22,9984.T,2415.392156260501,2567.582004878994,2411.1646604655425,2543.957763671875,98978400
2025-01-23,9984.T,2668.2960335036755,2708.0842315801515,2593.693162110283,2674.512939453125,79490800
2025-01-24,9984.T,2645.9150945490055,2705.597389914773,2606.1268976384945,2626.02099609375,43274000
2025-01-27,9984.T,2592.449947389095,2608.6139038955976,2406.6887856912863,2407.434814453125,69325200
2025-01-28,9984.T,2300.2553139963456,2322.8848527610667,2245.7952152109187,2281.853271484375,72759600
2025-01-29,9984.T,2323.630911533142,2342.0329542828695,2274.144337111578,2337.30810546875,53532800
2025-01-30,9984.T,2309.9536672079994,2329.599090796053,2288.0701573883953,2312.4404296875,32892000
2025-01-31,9984.T,2345.016840540657,2349.741688893814,2307.96408240274,2340.2919921875,34272000
2025-02-03,9984.T,2293.78967436211,2375.852834871596,2282.1018908956075,2351.23388671875,51486000
2025-02-04,9984.T,2401.7150521858593,2401.7150521858593,2347.503633530184,2368.64111328125,34118000
2025-02-05,9984.T,2387.29198441216,2415.889752975431,2380.826401954377,2404.947998046875,37121600
2025-02-06,9984.T,2402.7099355384753,2428.572265625,2392.7628855051967,2428.572265625,29147600
2025-02-07,9984.T,2410.9159994632587,2417.132905083329,2380.08014758771,2407.931884765625,25018800
2025-02-10,9984.T,2374.8582050995155,2379.0857013808445,2348.49852240417,2361.4296875,20314000
2025-02-12,9984.T,2360.9320871427462,2454.9317004711597,2360.434734691273,2450.952880859375,39748400
2025-02-13,9984.T,2387.2918639520203,2387.789216423677,2323.879423815795,2363.4189453125,53555200
2025-02-14,9984.T,2394.7521862454764,2419.6198101940277,2380.080288115831,2396.492919921875,42745600
2025-02-17,9984.T,2387.2917410259024,2443.989919875268,2369.8844054142555,2438.51904296875,26876400
2025-02-18,9984.T,2433.048392398872,2468.3604193531482,2410.91620649091,2446.7255859375,27654000
2025-02-19,9984.T,2424.593170203957,2424.593170203957,2377.344687912803,2400.222900390625,32466000
2025-02-20,9984.T,2373.117472998062,2376.847616778317,2345.2657327721604,2350.2392578125,23188400
2025-02-21,9984.T,2310.6995534228568,2354.715246595031,2310.6995534228568,2335.06982421875,22483200
2025-02-25,9984.T,2238.086230762012,2267.9273805055054,2210.234491001418,2235.84814453125,38548000
2025-02-26,9984.T,2190.8375495880955,2199.789893718081,2158.758316455648,2172.932861328125,38828800
2025-02-27,9984.T,2193.3244469250253,2204.266201535536,2170.943585221709,2190.34033203125,26755600
2025-02-28,9984.T,2103.80079234596,2106.038878295264,2043.372471714746,2057.29833984375,53154000
2025-03-03,9984.T,2083.9069569233943,2086.3937194018235,2040.6372897987321,2071.47314453125,35290400
2025-03-04,9984.T,1964.542238482669,1977.7220788167933,1941.9127013052105,1972.4998779296875,50156000
2025-03-05,9984.T,1991.6480553834397,2026.2140535977358,1978.7168905838469,1988.6639404296875,36044000
2025-03-06,9984.T,2003.5844613976271,2043.1239834731173,1997.367555410915,2035.6636962890625,27045600
2025-03-07,9984.T,1961.0608596254951,1989.6586276773505,1956.3360109908408,1977.72216796875,31554400
2025-03-10,9984.T,1987.669246743097,2018.2564251929157,1985.1824842675019,2006.0712890625,22469200
2025-03-11,9984.T,1917.2938197411268,1950.8651123046875,1904.6113314393374,1950.8651123046875,40330000
2025-03-12,9984.T,1949.6217273044917,1956.8333382855926,1927.2408656390064,1934.9498291015625,25502400
2025-03-13,9984.T,1972.251376816512,1991.15077218129,1928.4843559717626,1928.7330322265625,32905600
2025-03-14,9984.T,1891.431538276614,1960.5635350739974,1891.431538276614,1948.6270751953125,41186000
2025-03-17,9984.T,1984.4364203837808,2003.0871386204706,1979.9602480069752,1984.187744140625,23522000
2025-03-18,9984.T,2015.5209926143475,2022.483927567241,1976.9761741251157,1980.4576416015625,25055200
2025-03-19,9984.T,1960.5634757494277,1969.267144147605,1941.4154052734375,1941.4154052734375,24930800
2025-03-21,9984.T,1964.790871149571,1999.3568667311165,1964.5421949223658,1979.4627685546875,29124000
2025-03-24,9984.T,2001.8437247492072,2045.3620665915814,2000.3516673146116,2038.896484375,31830000
2025-03-25,9984.T,2071.473035197291,2084.652875637322,2036.1610098673973,2047.3514404296875,28191600
2025-03-26,9984.T,2076.4466742952936,2098.33018415613,2049.589639466085,2076.197998046875,26801600
2025-03-27,9984.T,2000.6004130730335,2012.5368729645818,1979.4629320150837,1994.880859375,33932000
2025-03-28,9984.T,1957.4767997048118,1976.1788073453038,1955.2325587879527,1974.9320068359375,26130800
2025-03-31,9984.T,1909.1009721752155,1910.8464929177999,1857.2340701098492,1864.9642333984375,45344400
2025-04-01,9984.T,1870.2007208681227,1885.910406923415,1859.2288766390297,1868.4552001953125,28776800
2025-04-02,9984.T,1870.2007480220195,1877.182830814635,1819.0819275760844,1861.47314453125,36940000
2025-04-03,9984.T,1711.8572103624826,1806.1153349825875,1710.6104097722698,1788.4107666015625,44632400
2025-04-04,9984.T,1737.5411968231201,1753.2508833041556,1623.583629809893,1659.7408447265625,72661600
2025-04-07,9984.T,1448.782232629405,1503.641456584391,1428.833423918501,1455.0162353515625,80754400
2025-04-08,9984.T,1604.6323109518603,1636.5504050935601,1592.6630256487229,1631.3138427734375,47068400
2025-04-09,9984.T,1558.5006638453074,1558.9993840577379,1481.19903091858,1513.6158447265625,62057600
2025-04-10,9984.T,1738.039865783962,1739.7853864526114,1667.4709587514137,1688.1678466796875,62445600
2025-04-11,9984.T,1578.200127010604,1679.4403310817536,1577.4520466849551,1673.4556884765625,47109200
2025-04-14,9984.T,1696.1474613287512,1736.5437989846255,1695.6487411107773,1711.6077880859375,30321200
2025-04-15,9984.T,1732.0552995290802,1737.790581977852,1714.350731969828,1723.826416015625,20589200
2025-04-16,9984.T,1707.1192453032822,1716.8442892072887,1669.4658701877702,1680.1883544921875,24985200
2025-04-17,9984.T,1679.1909327325748,1708.116704665598,1671.2114094407063,1698.890380859375,21502000
2025-04-18,9984.T,1713.1039404511978,1722.8289846546324,1682.9313674097718,1698.142333984375,17533200
2025-04-21,9984.T,1693.1550723178962,1694.1525127139598,1653.7561766733854,1658.4940185546875,22157600
2025-04-22,9984.T,1650.2651275895992,1671.9594561027898,1642.5349645561635,1660.4888916015625,19868000
2025-04-23,9984.T,1722.8290225927153,1726.0707040652446,1690.1628477541503,1696.3968505859375,26604800
2025-04-24,9984.T,1735.2968471777067,1762.9758168625358,1733.8006866542023,1750.5078125,32300000
2025-04-25,9984.T,1802.6242123988961,1804.8684533605217,1781.6779634237257,1801.1280517578125,29292800
2025-04-28,9984.T,1812.0997942340591,1815.3414754402022,1787.911865234375,1787.911865234375,19141200
2025-04-30,9984.T,1789.6574528117476,1803.62161852966,1775.194566889624,1786.415771484375,22717600
2025-05-01,9984.T,1793.8965203536186,1843.2698190789474,1789.6573987458883,1824.069091796875,29778000
2025-05-02,9984.T,1842.521713151745,1859.2288392555706,1828.0588278678363,1846.511474609375,27841200
2025-05-07,9984.T,1857.7327303844613,1866.959054011874,1841.7736841100177,1849.005126953125,24796000
2025-05-08,9984.T,1803.1228874988667,1818.8325738371918,1793.1484834745334,1804.868408203125,26876400
2025-05-09,9984.T,1869.9514946645122,1869.9514946645122,1840.7763613299678,1850.002685546875,30830400
2025-05-12,9984.T,1867.457807218471,1882.170053262788,1861.971884964658,1871.9462890625,20093200
2025-05-13,9984.T,1946.7543837216026,1953.4871067087274,1895.1368408203125,1895.1368408203125,29567600
2025-05-14,9984.T,1982.4128333558426,2005.8526832093582,1946.2556181562707,1968.9473876953125,47397600
2025-05-15,9984.T,1949.996101625504,1965.9551490045362,1937.7774559759325,1948.001220703125,24443600
2025-05-16,9984.T,1923.5639195787073,1944.7595292707206,1916.0831161579968,1927.3043212890625,20492000
2025-05-19,9984.T,1897.8797920530053,1913.8388390496407,1887.905387680108,1889.9002685546875,20547200
2025-05-20,9984.T,1907.1060964024873,1922.81578312756,1887.1572878627123,1894.887451171875,22914800
2025-05-21,9984.T,1904.6125167980138,1907.106117893586,1880.673946280521,1881.67138671875,18700800
2025-05-22,9984.T,1860.9744577604654,1877.1828645344747,1849.0051727581204,1860.72509765625,19260400
2025-05-23,9984.T,1872.6943192885747,1879.676401970343,1857.7327135419282,1861.2237548828125,15816400
2025-05-26,9984.T,1879.6764538124712,1909.3503060284017,1876.9334926832676,1902.866943359375,19095600
2025-05-27,9984.T,1895.8848779309394,1948.7492201802304,1887.6559944676064,1945.2581787109375,20537200
2025-05-28,9984.T,1969.9447276253402,1988.6467345331757,1941.2683170333257,1947.5023193359375,23824400
2025-05-29,9984.T,1977.4255486719835,1983.1608308434154,1963.9601035738388,1974.4332275390625,27861200
2025-05-30,9984.T,1899.6252480204537,1912.5919732629143,1891.1470045926912,1898.6278076171875,36664800
2025-06-02,9984.T,1877.6815976389892,1881.6713593338395,1830.5525376185683,1834.0435791015625,27116400
2025-06-03,9984.T,1852.7455039668796,1856.2365452933313,1839.5294189453125,1839.5294189453125,16522000
2025-06-04,9984.T,1852.745640963444,1890.1496579411717,1850.7507600579652,1859.22900390625,20785200
2025-06-05,9984.T,1843.2699387574514,1856.4860246278715,1840.5269775390625,1840.5269775390625,14336400
2025-06-06,9984.T,1835.2903718338314,1846.511576552924,1830.5525298413256,1836.0384521484375,12634000
2025-06-09,9984.T,1852.9949183534372,1927.5535888671875,1852.2468380472792,1927.5535888671875,32595600
2025-06-10,9984.T,1944.5101150279252,1983.6596518398492,1939.0241926721142,1972.1890869140625,43468400
2025-06-11,9984.T,1983.659697806481,2016.0765124783657,1982.6622573550385,2014.8297119140625,42002400
2025-06-12,9984.T,2014.8296092296061,2030.289935439041,1998.8705628198666,2009.8424072265625,25771200
2025-06-13,9984.T,2057.2207239705817,2075.1746502888705,2015.078869140154,2067.69384765625,71117600
2025-06-16,9984.T,2067.195261712775,2121.5557643730144,2065.449740985153,2119.3115234375,44019200
2025-06-17,9984.T,2144.4969661833575,2178.409941462536,2135.769362251216,2163.198974609375,42094800
2025-06-18,9984.T,2156.715596060445,2167.188720703125,2145.245030975605,2167.188720703125,23217600
2025-06-19,9984.T,2171.9263571829265,2186.389242225017,2163.9468344010834,2180.9033203125,21520800
2025-06-20,9984.T,2180.1554094427797,2248.729438677226,2170.6797254031108,2239.00439453125,64678400
2025-06-23,9984.T,2232.271671660959,2243.2435163384703,2196.114456246433,2239.00439453125,39508800
2025-06-24,9984.T,2306.08229249077,2363.933837890625,2292.616846578735,2363.933837890625,61809200
2025-06-25,9984.T,2353.9594724465974,2373.908281535128,2282.8918400687076,2323.038818359375,45231600
2025-06-26,9984.T,2418.7929046724,2451.209716796875,2380.6408104028246,2451.209716796875,65954400
2025-06-27,9984.T,2481.132991730221,2529.75821116614,2473.402828640408,2513.5498046875,70853200
2025-06-30,9984.T,2618.281326620453,2664.412949994242,2592.098513354248,2622.021728515625,67784800
2025-07-01,9984.T,2597.085422180006,2718.025069780323,2575.8898138376826,2690.595458984375,56513200
2025-07-02,9984.T,2605.813176081731,2698.076417722902,2594.591971017264,2674.38720703125,49453600
2025-07-03,9984.T,2655.68505859375,2669.399864060666,2615.787442689994,2655.68505859375,41543200
2025-07-04,9984.T,2651.944669634382,2680.6210812007153,2610.8002530392087,2668.153076171875,29106400
2025-07-07,9984.T,2653.1916129103683,2660.6724163302288,2600.825988971348,2639.476806640625,19585200
2025-07-08,9984.T,2600.82574806177,2625.761757151528,2580.8769407899636,2615.787353515625,35876000
2025-07-09,9984.T,2636.983128658645,2648.2043334614477,2619.527921187618,2635.736328125,22929600
2025-07-10,9984.T,2638.2298258918177,2685.608244315206,2634.48942443734,2678.12744140625,32069200
2025-07-11,9984.T,2694.335808744061,2714.2846162127817,2640.723388671875,2640.723388671875,25170000
2025-07-14,9984.T,2635.736199629934,2638.229800575658,2558.4345703125,2558.4345703125,21336800
2025-07-15,9984.T,2559.681446408975,2612.04706781627,2544.719840292605,2609.553466796875,21355600
2025-07-16,9984.T,2604.5661878083883,2630.748997738487,2578.3833778782896,2605.81298828125,30358400
2025-07-17,9984.T,2649.4512856703263,2691.8425062410515,2613.294068124708,2666.906494140625,36239600
2025-07-18,9984.T,2686.855117648389,2820.2627731418356,2680.621115055237,2800.31396484375,49039200
2025-07-22,9984.T,2872.628327922078,2961.1511626800934,2841.45831568334,2880.109130859375,49187600
2025-07-23,9984.T,2941.2025461854187,2974.8661615932215,2843.952101673989,2948.683349609375,48062000
2025-07-24,9984.T,2974.8661175009647,3054.661352840471,2969.8789152922454,3029.725341796875,43927200
2025-07-25,9984.T,3029.725136262674,3113.260767591727,3016.0103311190983,3043.43994140625,39382800
2025-07-28,9984.T,3092.0653901252667,3109.520597972748,2918.7601122109877,2923.747314453125,38940400
2025-07-29,9984.T,2936.2152052090655,2941.20240725613,2870.1347780854644,2882.602783203125,22450000
2025-07-30,9984.T,2911.279378078295,2953.670598144531,2861.407354470958,2867.641357421875,21187600
2025-07-31,9984.T,2835.2244237371665,2988.580889928755,2825.250019432023,2944.94287109375,37732800
2025-08-01,9984.T,2830.237048218669,2905.0450759248893,2812.7818417538842,2888.836669921875,28428800
2025-08-04,9984.T,2811.5350162591753,2901.3046487073616,2811.5350162591753,2887.58984375,23673600
2025-08-05,9984.T,2922.500384382885,2979.853207625894,2911.2791798353396,2964.8916015625,21280800
2025-08-06,9984.T,2942.449103721259,3099.5459626487495,2923.7470967060813,3090.818359375,36438000
2025-08-07,9984.T,3117.001284459594,3179.341310148786,3108.273680863107,3131.962890625,37831600
2025-08-08,9984.T,3241.6812053450685,3588.291734224272,3224.225998854749,3457.377685546875,117951200
2025-08-12,9984.T,3665.5934156961425,3734.167442180254,3595.772588730502,3696.763427734375,94075600
2025-08-13,9984.T,3726.686871670362,3729.1804727889103,3624.4492258098835,3707.98486328125,57168400
2025-08-14,9984.T,3725.4400107563406,3954.8513099461557,3716.712406982815,3871.315673828125,86428000
2025-08-15,9984.T,3947.3702478293358,4125.662713224027,3892.511027707892,4119.4287109375,81848000
2025-08-18,9984.T,4214.1857672665365,4230.394174063716,4054.595300340467,4165.560546875,72976000
2025-08-19,9984.T,4201.717742073004,4237.874957064137,3941.1364340334617,3998.4892578125,95440000
2025-08-20,9984.T,3690.529514617612,3785.286353506443,3629.4362895445506,3712.971923828125,100024000
2025-08-21,9984.T,3684.295436344055,3818.9498888398784,3597.0194023189842,3638.163818359375,69953200
2025-08-22,9984.T,3712.972116777974,3724.193321966356,3628.189677576865,3710.478515625,41440800
2025-08-25,9984.T,3865.0815434441943,3875.0559474272764,3760.3503016218356,3841.392333984375,50476400
2025-08-26,9984.T,3822.690340123956,3850.1199511750738,3736.6611054636323,3806.48193359375,41412400
2025-08-27,9984.T,3863.834794560772,3883.7836027934186,3780.2991600865635,3843.885986328125,34261600
2025-08-28,9984.T,3835.1584781092865,4000.9829506673277,3825.1840737448933,3967.3193359375,68434000
2025-08-29,9984.T,3967.31926839644,4083.271717158498,3926.174851093774,4047.114501953125,46475200
2025-09-01,9984.T,3933.65555747813,3946.1235624146693,3774.065094290428,3852.613525390625,50779600
2025-09-02,9984.T,3862.5880590471083,3873.8092638668063,3777.8056226316135,3835.158447265625,30106800
2025-09-03,9984.T,3745.3888059261326,3772.818417687243,3616.968350862753,3633.1767578125,45760400
2025-09-04,9984.T,3715.465532569713,3885.030402512492,3706.7379289697174,3867.5751953125,51686800
2025-09-05,9984.T,3947.3705850451456,3951.110986736597,3820.196927535795,3875.05615234375,38680800
2025-09-08,9984.T,3902.485720889635,4025.9189753203295,3868.8221060449005,3956.09814453125,44700800
2025-09-09,9984.T,3897.498648739961,3938.6430682564096,3777.805791964837,3784.039794921875,40944400
2025-09-10,9984.T,3872.562207421155,4059.582275390625,3861.341003342987,4059.582275390625,71048400
2025-09-11,9984.T,4189.25003490645,4495.962983890673,4189.25003490645,4464.79296875,119045600
2025-09-12,9984.T,4525.886151454505,4568.277371605869,4361.308473219796,4545.8349609375,91046400
2025-09-16,9984.T,4635.604471375512,4653.059679175205,4463.545994492828,4563.2900390625,59489600
2025-09-17,9984.T,4513.417763271733,4564.53658324249,4456.064940865517,4503.443359375,45183200
2025-09-18,9984.T,4479.754415127063,4616.902476820349,4457.3120050317975,4552.06884765625,57493600
2025-09-19,9984.T,4604.434107541454,4674.254933434311,4457.311652981505,4581.99169921875,84760800
2025-09-22,9984.T,4507.184072091336,4604.434516800361,4459.805650310016,4471.02685546875,39012400
2025-09-24,9984.T,4547.081324527138,4760.284205386513,4532.119718852797,4737.841796875,65527200
2025-09-25,9984.T,4668.02101953524,4882.470703125,4661.7870171053055,4882.470703125,72200400
2025-09-26,9984.T,4882.471092299018,4929.849514542982,4676.748995713386,4699.19140625,67376800
2025-09-29,9984.T,4713.42147288603,4753.36572265625,4632.284715540269,4753.36572265625,41491200
2025-09-30,9984.T,4735.889950265086,4738.3864657897375,4627.291524942718,4664.7392578125,34797600
2025-10-01,9984.T,4678.470313356634,4748.372751336348,4536.168921755071,4553.64453125,50050800
2025-10-02,9984.T,4768.344801215503,4839.495495893326,4713.421457955429,4817.02685546875,53968400
2025-10-03,9984.T,4893.170494713463,5066.6783260311095,4869.453596907454,4988.0380859375,61044400
2025-10-06,9984.T,5142.822129469651,5215.2210817777195,5042.961505596454,5192.75244140625,64418800
2025-10-07,9984.T,5317.578285206402,5416.190652467271,5195.249019490386,5250.17236328125,57021200
2025-10-08,9984.T,5242.68246224527,5251.420266349011,5096.636307939865,5145.318359375,50547600
2025-10-09,9984.T,5379.991091232582,5825.61912361542,5367.508513294688,5733.248046875,128417600
2025-10-10,9984.T,5692.055140551248,5763.205829808138,5497.326938374495,5553.49853515625,85909600
2025-10-14,9984.T,5496.079131963153,5607.174076942649,5154.0564923633565,5212.724609375,98116400
2025-10-15,9984.T,5242.68279007177,5512.306476418318,5147.815196727614,5478.603515625,72108800
2025-10-16,9984.T,5638.380117015382,5954.189319938759,5554.746849838045,5949.1962890625,102763600
2025-10-17,9984.T,5765.702448127273,5884.286932338594,5708.282592614422,5749.47509765625,74998400
2025-10-20,9984.T,5961.678983952872,6237.5439453125,5878.045715124387,6237.5439453125,97160400
2025-10-21,9984.T,6366.114799781175,6424.782916563471,6064.036411242539,6221.31689453125,147072000
2025-10-22,9984.T,6012.857545387494,6042.815731206323,5512.306190664557,5916.74169921875,177435200
2025-10-23,9984.T,5592.194899314008,5804.398723618334,5517.299431912481,5640.876953125,88625200
2025-10-24,9984.T,5791.916139944515,5969.168745951437,5784.426593211828,5961.67919921875,80980400
2025-10-27,9984.T,6116.462995681193,6358.625,6026.588437377307,6358.625,93042000
2025-10-28,9984.T,6291.219161575218,6612.021408504748,6242.53710853922,6563.33935546875,96806000
2025-10-29,9984.T,6740.591697127265,6914.099520442208,6648.220625722188,6819.23193359375,95488400
2025-10-30,9984.T,6696.903004693441,6788.025822837452,6492.1887283151145,6565.8359375,109411600
2025-10-31,9984.T,6730.605922663033,6834.211317985925,6588.304536315929,6756.8193359375,73072800
2025-11-04,9984.T,6830.46631247516,6832.962827940245,6266.253817365735,6281.23291015625,91194400
2025-11-05,9984.T,5717.020733836683,5795.660975371991,5377.494611652495,5652.111328125,136537600
2025-11-06,9984.T,5901.762878051233,5941.707127648873,5517.299475673954,5816.88134765625,85280400
2025-11-07,9984.T,5442.403630832373,5514.802578215005,5230.19981953845,5417.4384765625,88702400
2025-11-10,9984.T,5542.264282253987,5598.435879709265,5381.239036215527,5555.9951171875,62409600
2025-11-11,9984.T,5680.8208895303205,5864.314774557997,5553.498601960096,5665.841796875,71382400
2025-11-12,9984.T,5317.578269857514,5592.19498801917,5096.636637518363,5469.86572265625,108068800
2025-11-13,9984.T,5313.833464610335,5372.501581320855,5127.843052059961,5285.12353515625,73872800
2025-11-14,9984.T,4819.523417874945,5177.773410345836,4810.785613180533,4938.10791015625,126774800
2025-11-17,9984.T,4940.604243245683,5162.7941258373285,4903.1565102246195,5077.91259765625,65636400
2025-11-18,9984.T,4955.583490904789,5008.010318768265,4693.449351587406,4698.4423828125,77977200
2025-11-19,9984.T,4699.6904296875,4879.439545723357,4636.029284424801,4699.6904296875,80920800
2025-11-20,9984.T,5124.0982408891505,5127.843014268607,4773.337801013426,4788.31689453125,89803200
2025-11-21,9984.T,4388.874179436074,4450.03880821661,4249.069313651989,4266.544921875,88220000
2025-11-25,9984.T,4267.793354631787,4281.524190227268,3789.7106243527655,3842.137451171875,146454000
2025-11-26,9984.T,3904.550266542705,4147.9605293227005,3879.585111385782,4059.334228515625,112871200
2025-11-27,9984.T,4179.1671678991615,4313.979012024941,4139.222917787819,4204.13232421875,105060400
2025-11-28,9984.T,4244.07622701523,4274.034412147103,4152.953413905786,4200.38720703125,60610400
2025-12-01,9984.T,4200.387229031222,4214.118063955247,4019.3898595781675,4127.98828125,68112000
2025-12-02,9984.T,4162.939603083743,4172.925665100136,3895.8124441452364,3912.039794921875,72971600
2025-12-03,9984.T,3958.2253896876873,4254.062481253749,3946.991069754799,4161.69140625,101933200
2025-12-04,9984.T,4261.551952051855,4586.098966560783,4220.359446364183,4543.658203125,146356000
2025-12-05,9984.T,4543.658334278584,4814.5302734375,4517.444920811593,4814.5302734375,152021200
2025-12-08,9984.T,4914.390599741817,4928.121434539165,4588.595337732009,4657.24951171875,97286000
2025-12-09,9984.T,4709.676569772274,4758.358622839096,4596.085112616356,4693.44921875,73731600
2025-12-10,9984.T,4767.096474012761,4813.282011990889,4561.133939785973,4658.498046875,86340000
2025-12-11,9984.T,4396.363895818215,4461.273300299347,4266.545086855951,4300.248046875,88914400
2025-12-12,9984.T,4458.7768438722405,4594.836943531276,4225.352636200318,4467.5146484375,148538400
2025-12-15,9984.T,4244.076507260101,4270.289920981413,4127.988532208575,4201.6357421875,75534000
2025-12-16,9984.T,4119.250753972377,4185.408417596782,4014.3970984167167,4129.23681640625,88654800
2025-12-17,9984.T,4110.512673309972,4222.8558681468685,4041.8584986874253,4182.91162109375,81094000
2025-12-18,9984.T,3945.7428495942345,4179.167054869185,3879.5851871366276,4025.63134765625,112571600
2025-12-19,9984.T,4125.491723326121,4315.2268948678975,4085.547476685747,4272.7861328125,109464800
2025-12-22,9984.T,4614.809023377202,4638.525921252281,4418.832551462076,4447.54248046875,90560000
2025-12-23,9984.T,4493.727974344517,4516.196614216239,4396.363868233719,4427.5703125,49977600
2025-12-24,9984.T,4366.405750156027,4397.612194911288,4320.220211918242,4375.1435546875,45988800
2025-12-25,9984.T,4368.901999705105,4431.314885415177,4318.971691137046,4365.1572265625,34747200
2025-12-26,9984.T,4396.364054270541,4493.7281645014045,4378.888444741924,4443.7978515625,50328800
2025-12-29,9984.T,4468.762960954919,4537.666792084727,4325.962267454013,4478.7490234375,52884600
2025-12-30,9984.T,4397.861612215909,4493.727805397728,4325.961967329546,4393.8671875,48660800
2026-01-05,9984.T,4513.700276780877,4702.436859150697,4504.712820477553,4608.56787109375,58293600
2026-01-06,9984.T,4683.463270571758,4728.400551419461,4524.684878243206,4712.4228515625,53943700
2026-01-07,9984.T,4623.546705838303,4708.428232835335,4580.606639239805,4646.5146484375,43483900
2026-01-08,9984.T,4593.58870821221,4599.580345657704,4294.0068359375,4294.0068359375,56546700
2026-01-09,9984.T,4294.0065337826945,4331.953568267286,4199.138947571216,4257.05810546875,46487100
2026-01-13,9984.T,4493.727886250563,4564.628926233627,4375.892355011103,4440.8017578125,62883200
2026-01-14,9984.T,4436.807364280502,4437.805970484482,4174.173932633918,4255.06103515625,55614200
2026-01-15,9984.T,4144.215774630299,4171.178142320665,4008.405329967716,4045.353759765625,51883200
2026-01-16,9984.T,4074.3133231374686,4127.23945208999,4004.410888671875,4004.410888671875,35301000
2026-01-19,9984.T,3904.5503036368737,3993.4262568398613,3865.604661222081,3976.449951171875,32598800
2026-01-20,9984.T,4016.3942326516244,4023.3844762191434,3835.646506120062,3845.632568359375,44155500
2026-01-21,9984.T,3729.7942496219757,3929.5154945816535,3724.801218497984,3869.59912109375,42997200
2026-01-22,9984.T,4004.4107365426303,4387.875505328758,3890.5696333092487,4318.9716796875,111917900
2026-01-23,9984.T,4318.9718857846865,4320.969098217419,4104.27154926591,4268.04296875,68150900
2026-01-26,9984.T,4128.238056748732,4147.211574667993,3989.4317940762417,4059.334228515625,53816300
2026-01-27,9984.T,4105.270132410882,4120.249225572196,4037.3649100795906,4045.353759765625,30045500
2026-01-28,9984.T,4045.3536053543803,4401.856008985956,4005.4093584488814,4195.14453125,86639900
2026-01-29,9984.T,4174.1741326568,4348.93022672736,4043.3567136668375,4259.0556640625,65280700
2026-01-30,9984.T,4370.89943725385,4488.73497154582,4205.130804266841,4247.072265625,67222700
2026-02-02,9984.T,4117.253320670652,4264.048430575718,4062.3299802299816,4084.29931640625,51854000
2026-02-03,9984.T,4214.118336664244,4310.983142033067,4160.193599654796,4294.0068359375,39106600
2026-02-04,9984.T,4214.118110905188,4332.952247207964,4153.203133472673,4201.13623046875,41075700
2026-02-05,9984.T,3991.42888830142,4037.364772429983,3889.571058277216,3906.54736328125,50584100
2026-02-06,9984.T,3867.601885945119,4027.3788809751263,3784.717569773303,3993.42626953125,50504700
2026-02-09,9984.T,4333.951152118619,4339.94278965611,4217.114220137541,4245.0751953125,59539600
2026-02-10,9984.T,4498.72113380878,4752.367120043504,4461.772702743092,4698.4423828125,80120100
2026-02-12,9984.T,4748.372547544828,4947.095184129775,4708.42829898504,4810.2861328125,72447700
2026-02-13,9984.T,4740.38377160005,4879.190037505339,4375.892497819975,4383.88134765625,75769800
2026-02-16,9984.T,4402.854693207724,4727.401705068126,4371.897901307194,4681.4658203125,61481900
2026-02-17,9984.T,4693.448975542256,4695.446187872275,4366.904759584317,4442.798828125,46194900
2026-02-18,9984.T,4463.769500774749,4467.763925383943,4310.982759473062,4319.97021484375,29825000
2026-02-19,9984.T,4349.928602723818,4548.651236319327,4285.01919979061,4433.8115234375,53224200
2026-02-20,9984.T,4382.882681547232,4399.858987217385,4251.066661049571,4322.96630859375,29922000
2026-02-24,9984.T,4144.215750694275,4168.182299613953,4068.3216791152954,4090.291015625,33697200
2026-02-25,9984.T,4194.14610410345,4224.104290561331,4031.373291015625,4031.373291015625,39083100
2026-02-26,9984.T,4137.225583494931,4263.049967641771,4116.2548528037905,4192.14892578125,34697500
2026-02-27,9984.T,4074.3133253851797,4108.265936430056,4024.383015025067,4083.30078125,41898300
2026-03-02,9984.T,4004.410773299439,4097.281147842294,3956.4776767611916,4040.360595703125,33867000
2026-03-03,9984.T,4100.277144376644,4156.199092765609,3969.459729395314,3986.43603515625,37236900
2026-03-04,9984.T,3889.5712957160895,3911.5406329447815,3599.975486792427,3700.834716796875,59831100
2026-03-05,9984.T,3894.564080090256,4031.3731259806063,3810.6811614421586,3858.6142578125,45759900
2026-03-06,9984.T,3791.7078719369865,3947.4904445001075,3774.731565952544,3920.528076171875,37036500
2026-03-09,9984.T,3529.0742099248096,3592.9850048979806,3431.2108051221408,3536.064453125,58861800
2026-03-10,9984.T,3605.967013791794,3681.8610855304196,3526.07851722482,3626.937744140625,47676800
2026-03-11,9984.T,3789.7104362205223,3984.4386404531974,3781.7215868161047,3882.580810546875,52919900
2026-03-12,9984.T,3777.727340844805,3830.6534706530983,3669.8778687826216,3742.776123046875,40285000
2026-03-13,9984.T,3535.0659043219853,3610.959974584265,3524.0812362577076,3573.012939453125,41911500
2026-03-16,9984.T,3565.0240852945763,3682.859615284705,3539.0603244492936,3603.9697265625,34790800
2026-03-17,9984.T,3659.8916505421794,3660.890256722409,3533.068665652996,3539.060302734375,34192500
2026-03-18,9984.T,3663.8860923828124,3774.73137890625,3651.9028181640624,3744.773193359375,35075000
2026-03-19,9984.T,3617.950172874618,3641.916721080246,3534.0672541549197,3553.040771484375,35935700
2026-03-23,9984.T,3428.215199274999,3548.0479472834463,3360.3099754035456,3502.112060546875,43467400
2026-03-24,9984.T,3591.9864483971096,3614.9543906581976,3442.1955206074053,3525.079833984375,35242200
2026-03-25,9984.T,3630.9320498121224,3854.619832858854,3629.9334436378067,3803.69091796875,56598700
2026-03-26,9984.T,3994.4247530743064,4082.302097641941,3775.729997843488,3816.6728515625,70316200
2026-03-27,9984.T,3796.7007095793206,4004.410795742524,3762.748099341105,3940.5,66029500
2026-03-30,9984.T,3700.0,3718.0,3562.0,3692.0,65675000
2026-03-31,9984.T,3500.0,3683.0,3482.0,3555.0,47857500
2026-04-01,9984.T,3835.0,3840.0,3705.0,3764.0,49237100
2026-04-02,9984.T,3790.0,3982.0,3575.0,3604.0,68824100
2026-04-03,9984.T,3666.0,3676.0,3555.0,3609.0,32539500
2026-04-06,9984.T,3620.0,3697.0,3615.0,3648.0,28379500
2026-04-07,9984.T,3663.0,3686.0,3540.0,3565.0,33623300
2026-04-08,9984.T,3775.0,3854.0,3721.0,3822.0,51785400
2026-04-09,9984.T,3822.0,3823.0,3640.0,3775.0,45064100
2026-04-10,9984.T,3779.0,3820.0,3711.0,3778.0,46679400
2026-04-13,9984.T,3700.0,3767.0,3648.0,3764.0,29819900
2026-04-14,9984.T,3904.0,4263.0,3903.0,4242.0,93692500
2026-04-15,9984.T,4405.0,4525.0,4346.0,4444.0,91516800
2026-04-16,9984.T,4542.0,4772.0,4437.0,4672.0,95147700
2026-04-17,9984.T,4640.0,4689.0,4493.0,4527.0,47876600
2026-04-20,9984.T,4575.0,4818.0,4556.0,4774.0,60475300
2026-04-21,9984.T,4945.0,5187.0,4892.0,5181.0,96285800
2026-04-22,9984.T,5130.0,5727.0,5114.0,5620.0,154144000
2026-04-23,9984.T,6097.0,6160.0,5664.0,5837.0,136536800
2026-04-24,9984.T,6000.0,6000.0,5743.0,5963.0,87686800
2026-04-27,9984.T,6016.0,6121.0,5800.0,5844.0,99651700
2026-04-28,9984.T,5660.0,5751.0,5227.0,5268.0,97208200
2026-04-30,9984.T,4968.0,5399.0,4956.0,5219.0,101484400
2026-05-01,9984.T,5278.0,5466.0,5249.0,5424.0,72065400
2026-05-07,9984.T,6100.0,6424.0,5887.0,6424.0,119003600
2026-05-08,9984.T,6124.0,6242.0,6008.0,6131.0,80654100
2026-05-11,9984.T,6219.0,6292.0,5700.0,5743.0,83351500
2026-05-12,9984.T,5935.0,6008.0,5812.0,5987.0,57247600
2026-05-13,9984.T,5943.0,6084.0,5781.0,6012.0,46400500
2026-05-14,9984.T,6100.0,6204.0,5714.0,5770.0,69800200
2026-05-15,9984.T,5801.0,6020.0,5686.0,5745.0,69924000
2026-05-18,9984.T,5445.0,5720.0,5430.0,5593.0,48158000
2026-05-19,9984.T,5660.0,5777.0,5278.0,5361.0,53762700
2026-05-20,9984.T,5313.0,5349.0,4880.0,5039.0,71784000
2026-05-21,9984.T,5810.0,6039.0,5700.0,6039.0,73094900
2026-05-22,9984.T,6700.0,6881.0,6614.0,6757.0,103280800
2026-05-25,9984.T,6750.0,7276.0,6642.0,7070.0,91615400
2026-05-26,9984.T,7021.0,8000.0,7008.0,7841.0,111528500
2026-05-27,9984.T,8020.0,8038.0,7262.0,7272.0,103217400
2026-05-28,9984.T,7100.0,7220.0,6861.0,7125.0,79058300
2026-05-29,9984.T,7548.0,7710.0,7321.0,7491.0,81180100
2026-06-01,9984.T,7498.0,8626.0,7482.0,8541.0,100911200
2026-06-02,9984.T,9000.0,9074.0,8261.0,8632.0,132031000
2026-06-03,9984.T,8800.0,8800.0,8180.0,8315.0,73007300
2026-06-04,9984.T,8001.0,8099.0,7363.0,7377.0,76525600
2026-06-05,9984.T,7140.0,7583.0,7105.0,7426.0,62899400
2026-06-08,9984.T,6676.0,7022.0,6641.0,6976.0,64167800
2026-06-09,9984.T,7150.0,7175.0,6691.0,7048.0,67342100
2026-06-10,9984.T,6714.0,6730.0,6315.0,6461.0,65333800
2026-06-11,9984.T,6066.0,6529.0,5977.0,6374.0,65531700
2026-06-12,9984.T,6650.0,6797.0,6373.0,6472.0,75320600
2026-06-15,9984.T,7108.0,7327.0,7010.0,7139.0,71003100
2026-06-16,9984.T,7150.0,7188.0,6854.0,7102.0,61595400
2026-06-17,9984.T,6920.0,6948.0,6730.0,6880.0,48833800
2026-06-18,9984.T,7128.0,7294.0,7051.0,7189.0,64308700
2026-06-19,9984.T,7339.0,7562.0,7087.0,7111.0,79507100
2026-06-26,9984.T,6412.0,6489.0,6114.0,6226.0,71837400
2026-06-29,9984.T,6320.0,6322.0,5828.0,5894.0,61184900
2026-06-30,9984.T,5968.0,6047.0,5711.0,5963.0,59812900
2026-07-01,9984.T,6089.0,6239.0,5975.0,6000.0,40040700
2026-07-02,9984.T,5757.0,6266.0,5741.0,6195.0,73627900
2026-07-03,9984.T,6000.0,6169.0,5831.0,6169.0,52377700
2026-07-06,9984.T,6130.0,6147.0,5866.0,5979.0,33669700
2026-07-07,9984.T,5962.0,6113.0,5691.0,5771.0,45979200
2026-07-08,9984.T,5571.0,5916.0,5567.0,5763.0,41852300
2026-07-09,9984.T,5796.0,5958.0,5724.0,5757.0,41571500
2026-07-10,9984.T,6021.0,6556.0,6004.0,6370.0,72262000
2026-07-13,9984.T,6370.0,6542.0,6231.0,6364.0,47113500
2026-07-14,9984.T,6181.0,6574.0,6018.0,6574.0,62130200
